"H_UC-6428-M1502433"	"/gscmnt/gc6000/production/csf_152232802/gerald_H5NKVBBXX_6_GAATTCGT-ATAGAGGC.bam"
"H_UC-4072-M1502415"	"/gscmnt/gc6000/production/csf_152232827/gerald_H5NKVBBXX_6_TCTCGCGC-TATAGCCT.bam"
"H_UC-5037-M1502436"	"/gscmnt/gc6000/production/csf_152232831/gerald_H5NKVBBXX_5_ATTACTCG-ATAGAGGC.bam"
"H_UC-3529-M1502426"	"/gscmnt/gc6001/production/csf_152232799/gerald_H5NKVBBXX_4_CGGCTATG-TATAGCCT.bam"
"H_UC-7577-M1502417"	"/gscmnt/gc6001/production/csf_152232810/gerald_H5NKVBBXX_4_TAATGCGC-ATAGAGGC.bam"
"H_UC-9881-M1502432"	"/gscmnt/gc6001/production/csf_152232812/gerald_H5NKVBBXX_5_ATTACTCG-CCTATCCT.bam"
"H_UC-9517-M1502414"	"/gscmnt/gc6001/production/csf_152232847/gerald_H5NKVBBXX_4_TCTCGCGC-ATAGAGGC.bam"
"H_UC-8728-M1502420"	"/gscmnt/gc6001/production/csf_152232825/gerald_H5NKVBBXX_6_TCCGCGAA-ATAGAGGC.bam"
"H_UC-6800-M1502441"	"/gscmnt/gc6000/production/csf_152232817/gerald_H5NKVBBXX_4_CTGAAGCT-ATAGAGGC.bam"
"H_UC-1249-M1502412"	"/gscmnt/gc6001/production/csf_152232797/gerald_H5NKVBBXX_5_TCCGGAGA-TATAGCCT.bam"
"H_UC-471-M1502429"	"/gscmnt/gc6001/production/csf_152232838/gerald_H5NKVBBXX_6_AGCGATAG-TATAGCCT.bam"
"H_UC-2937-M1502418"	"/gscmnt/gc6000/production/csf_152232789/gerald_H5NKVBBXX_4_TAATGCGC-TATAGCCT.bam"
"H_UC-9723-M1502419"	"/gscmnt/gc6001/production/csf_152232807/gerald_H5NKVBBXX_6_AGCGATAG-ATAGAGGC.bam"
"H_UC-7729-M1502422"	"/gscmnt/gc6001/production/csf_152232762/gerald_H5NKVBBXX_6_CGGCTATG-ATAGAGGC.bam"
"H_UC-5122-M1502440"	"/gscmnt/gc6001/production/csf_152232804/gerald_H5NKVBBXX_5_TCCGGAGA-ATAGAGGC.bam"
"H_UC-40-M1502431"	"/gscmnt/gc6001/production/csf_152232849/gerald_H5NKVBBXX_6_TCCGCGAA-TATAGCCT.bam"
"H_UC-6229-M1502413"	"/gscmnt/gc6001/production/csf_152232820/gerald_H5NKVBBXX_5_ATTCAGAA-ATAGAGGC.bam"
"H_UC-1233-M1502425"	"/gscmnt/gc6001/production/csf_152232835/gerald_H5NKVBBXX_5_ATTACTCG-TATAGCCT.bam"
"H_UC-522-M1502439"	"/gscmnt/gc6001/production/csf_152232843/gerald_H5NKVBBXX_5_CGCTCATT-ATAGAGGC.bam"
"H_UC-2849-M1502427"	"/gscmnt/gc6000/production/csf_152232977/gerald_H5NKVBBXX_7_CTGAAGCT-TATAGCCT.bam"
"H_UC-5338-M1502434"	"/gscmnt/gc6001/production/csf_152232966/gerald_H5NKVBBXX_7_GAGATTCC-ATAGAGGC.bam"
"H_UC-1849-M1502435"	"/gscmnt/gc6000/production/csf_152232948/gerald_H5NKVBBXX_7_CGCTCATT-TATAGCCT.bam"
"H_UC-2389-M1502416"	"/gscmnt/gc6000/production/csf_152232964/gerald_H5NKVBBXX_7_GAATTCGT-TATAGCCT.bam"
"H_UC-2278-M1502430"	"/gscmnt/gc6000/production/csf_152232973/gerald_H5NKVBBXX_7_ATTCAGAA-TATAGCCT.bam"
"H_UC-2131-M1502421"	"/gscmnt/gc6000/production/csf_152233114/gerald_H5NKVBBXX_7_TCCGGAGA-CCTATCCT.bam"
"H_UC-1994-M1502428"	"/gscmnt/gc6000/production/csf_152232979/gerald_H5NKVBBXX_7_GAGATTCC-TATAGCCT.bam"
